{"metadata":{"asset_id":"b432aee7-dec9-4e40-9e92-a720e3b29980","asset_attributes":["notebook","location_definition"],"name":"Utilization of Maximo Application Suite notebook","asset_type":"notebook","created_at":"2025-03-31T13:51:47Z","description":"","origin_country":"us","owner_id":"IBMid-661003M4DM","project_id":"15f2b5d8-1d41-41b0-a8dc-1bdf87bae0f0","size":7528,"tags":["notebook"],"usage":{"last_update_time":1743429107996,"last_updated_at":"2025-03-31T13:51:47Z"}},"entity":{"notebook":{"originates_from":{"type":"blank"},"runtime":{"environment":"rt241pys1-15f2b5d8-1d41-41b0-a8dc-1bdf87bae0f0"}},"location_definition":{"physical_location_code":"DAL","physical_location_code_assigned_by":"IBMid-661003M4DM","physical_location_code_rds_id":"c57cb90f-2126-3800-9c9f-9eab82021cdf","physical_location_code_rds_version":"00002025-0330-4071-8447-295041000000_4","physical_location_code_assignment_method":"INFERRED","physical_location_code_added_on":"1743429107992"}},"attachments":[{"id":"c091c981-42db-473e-9a5e-4e9f2191a91a","version":2,"asset_type":"notebook","name":"attachment for notebook b432aee7-dec9-4e40-9e92-a720e3b29980","description":"attachment for notebook b432aee7-dec9-4e40-9e92-a720e3b29980","mime":"application/json","datasource_type":"193a97c1-4475-4a19-b90c-295c4fdc6517","object_key":"notebook/UtilizationofMaximoApplicationSuitenotebook-wxnotebook__da__otfhyjdr3m.ipynb","creator_id":"IBMid-661003M4DM","create_time":1743429107995,"size":7528,"is_remote":false,"is_managed":false,"is_referenced":true,"is_object_key_read_only":false,"is_user_provided_path_key":true,"transfer_complete":true,"is_partitioned":false,"complete_time_ticks":1743429107995,"user_data":{},"test_doc":0,"handle":{"bucket":"applicationofmaximoapplicationsui-donotdelete-pr-lix7fdhudpchgz","location":"us-south","type":"bluemix_cos","key":"notebook/UtilizationofMaximoApplicationSuitenotebook-wxnotebook__da__otfhyjdr3m.ipynb","upload_id":"done","max_part_num":1},"usage":{"access_count":0,"last_accessor_id":"IBMid-661003M4DM","last_access_time":1743429107995}}]}
