{"metadata":{"asset_id":"3e0f6c8b-1f46-4c3a-a2df-43a1b9242b52","asset_attributes":["notebook","location_definition"],"name":"Notebook for chat mode 1 ","asset_type":"notebook","created_at":"2025-03-30T17:56:48Z","description":"","origin_country":"us","owner_id":"IBMid-661003M4DM","project_id":"b950c085-6ca1-4293-83be-2b8c59b3c8dd","size":7670,"tags":["notebook"],"usage":{"last_update_time":1743357409307,"last_updated_at":"2025-03-30T17:56:49Z"}},"entity":{"notebook":{"originates_from":{"type":"blank"},"runtime":{"environment":"rt241pys1-b950c085-6ca1-4293-83be-2b8c59b3c8dd"}},"location_definition":{"physical_location_code":"DAL","physical_location_code_assigned_by":"IBMid-661003M4DM","physical_location_code_rds_id":"c57cb90f-2126-3800-9c9f-9eab82021cdf","physical_location_code_rds_version":"00002025-0330-4071-8447-295041000000_4","physical_location_code_assignment_method":"INFERRED","physical_location_code_added_on":"1743357409298"}},"attachments":[{"id":"5bb84973-0550-497c-a37b-f13c9ab8126f","version":2,"asset_type":"notebook","name":"attachment for notebook 3e0f6c8b-1f46-4c3a-a2df-43a1b9242b52","description":"attachment for notebook 3e0f6c8b-1f46-4c3a-a2df-43a1b9242b52","mime":"application/json","datasource_type":"193a97c1-4475-4a19-b90c-295c4fdc6517","object_key":"notebook/Notebookforchatmode1-wxnotebook__da__n7oabcvr3x.ipynb","creator_id":"IBMid-661003M4DM","create_time":1743357409305,"size":7670,"is_remote":false,"is_managed":false,"is_referenced":true,"is_object_key_read_only":false,"is_user_provided_path_key":true,"transfer_complete":true,"is_partitioned":false,"complete_time_ticks":1743357409305,"user_data":{},"test_doc":0,"handle":{"bucket":"watsonxchallengesandbox-donotdelete-pr-34rspysfkf0rnq","location":"us-south","type":"bluemix_cos","key":"notebook/Notebookforchatmode1-wxnotebook__da__n7oabcvr3x.ipynb","upload_id":"done","max_part_num":1},"usage":{"access_count":0,"last_accessor_id":"IBMid-661003M4DM","last_access_time":1743357409305}}]}
