{"metadata":{"asset_id":"dd4a36dc-8678-4519-8d98-5b9c9f7c7724","asset_attributes":["notebook","location_definition"],"name":"Application of the   Environmental Intelligence Suite  for rain harvesting notebook","asset_type":"notebook","created_at":"2025-03-31T13:32:48Z","description":"","origin_country":"us","owner_id":"IBMid-661003M4DM","project_id":"d973d798-16b9-4686-ad21-514c22efeb6c","size":7802,"tags":["notebook"],"usage":{"last_update_time":1743427969380,"last_updated_at":"2025-03-31T13:32:49Z"}},"entity":{"notebook":{"originates_from":{"type":"blank"},"runtime":{"environment":"rt241pys1-d973d798-16b9-4686-ad21-514c22efeb6c"}},"location_definition":{"physical_location_code":"DAL","physical_location_code_assigned_by":"IBMid-661003M4DM","physical_location_code_rds_id":"c57cb90f-2126-3800-9c9f-9eab82021cdf","physical_location_code_rds_version":"00002025-0330-4071-8447-295041000000_4","physical_location_code_assignment_method":"INFERRED","physical_location_code_added_on":"1743427969374"}},"attachments":[{"id":"44fc0c05-dbae-4b6b-8d75-2f888288529c","version":2,"asset_type":"notebook","name":"attachment for notebook dd4a36dc-8678-4519-8d98-5b9c9f7c7724","description":"attachment for notebook dd4a36dc-8678-4519-8d98-5b9c9f7c7724","mime":"application/json","datasource_type":"193a97c1-4475-4a19-b90c-295c4fdc6517","object_key":"notebook/ApplicationoftheEnvironmentalIntelligenceSuiteforrainharvestingnotebook-wxnotebook__da__76d821qw8z.ipynb","creator_id":"IBMid-661003M4DM","create_time":1743427969378,"size":7802,"is_remote":false,"is_managed":false,"is_referenced":true,"is_object_key_read_only":false,"is_user_provided_path_key":true,"transfer_complete":true,"is_partitioned":false,"complete_time_ticks":1743427969378,"user_data":{},"test_doc":0,"handle":{"bucket":"useofenvironmentalintelligencesui-donotdelete-pr-13orbnzoetz63b","location":"us-south","type":"bluemix_cos","key":"notebook/ApplicationoftheEnvironmentalIntelligenceSuiteforrainharvestingnotebook-wxnotebook__da__76d821qw8z.ipynb","upload_id":"done","max_part_num":1},"usage":{"access_count":0,"last_accessor_id":"IBMid-661003M4DM","last_access_time":1743427969378}}]}
